ID,ESA2008,ESA2009,ESA2010,ESA2011,ESA2012,ESA2013,ESA2014,ESA2015,ESA2016,ESA2017,ESA2018,ESACount,EuroGamer,GamesRadar,Guardien,IGN,MetaCritic,Polygon,TIME,CriticCount,TotalCitationsCount,DigitalGame,Year,YearInterval,Series,Mode,SpatialDimensionality,Platformscount,Protagonist,MainPC,PCTYPE,CharacterPrespective,Narrative,DigitalGameMainGenre,DigitalGameSecondaryGenre,DigitalGameThirdGenre,DigitalGameGenreOTHER
393,0,0,0,0,0,0,0,0,0,0,0,0,1,0,0,0,0,0,0,1,1,KentuckyRouteZero,2020,2000-2004,KentuckyRouteZero,0,3,6,Conway,Conway,3,3,1,Adventure, , , 
390,0,0,0,0,0,0,0,0,0,0,0,0,1,0,0,0,0,0,0,1,1,OuterWilds,2019,2015-2019,0,1,3,3,OuterWildsTheProtagonist,OuterWildsTheProtagonist,3,1,1,ActionAdventure, , , 
391,0,0,0,0,0,0,0,0,0,0,0,0,0,0,0,1,0,0,0,1,1,ReSidentEvil2(Remake),2019,2015-2019,ResidentEvil,1,3,3,LeonS.Kennedy,LeonS.Kennedy,3,3,1,Survival,Horror, , 
392,0,0,0,0,0,0,0,0,0,0,0,0,1,0,0,0,0,0,0,1,1,SlaytheSpire,2019,2015-2019,0,1,3,8,0,TheIronclad,0,4,0,Strategy, , , 
376,0,0,0,0,0,0,0,0,0,0,1,1,0,0,0,0,0,0,0,0,1,Assassin’sCreed:Odyssey,2018,2015-2019,Assasin'sCreed,1,3,3,KassandraorAlexios,KassandraorAlexios,3,3,1,Action,RPG, , 
377,0,0,0,0,0,0,0,0,0,0,1,1,0,0,0,0,0,0,0,0,1,BattlefieldV,2018,2015-2019,Battlefield,3,3,3,PeterMüller,Multiple,3,1,1,FirstPersonShooter,BattleRoyale, , 
378,0,0,0,0,0,0,0,0,0,0,1,1,0,0,0,0,0,0,0,0,1,CallofDuty:BlackOpsIIII,2018,2015-2019,CallofDuty,3,3,3,Specialists,Specialists,2,1,1,FirstPersonShooter,BattleRoyale, , 
379,0,0,0,0,0,0,0,0,0,0,0,0,0,0,0,0,1,0,0,1,1,Celeste,2018,2015-2019,0,1,2,7,Madeline,Madeline,3,3,1,Platform, , , 
380,0,0,0,0,0,0,0,0,0,0,1,1,0,0,0,0,0,0,0,0,1,FarCry5,2018,2015-2019,FARCRY,3,3,4,TheJuniorDeputy,Customizable,1,1,1,FirstPersonShooter, , , 
381,0,0,0,0,0,0,0,0,0,0,1,1,0,0,0,0,0,0,0,0,1,FIFA19,2018,2015-2019,FIFA,3,3,6,AlexHunter,Multiple,5,2,1,Sports, , , 
382,0,0,0,0,0,0,0,0,0,0,1,1,0,0,1,1,1,0,0,3,4,GodofWar,2018,2015-2019,GodofWar,1,3,1,Kratos,Kratos,3,3,1,ActionAdventure, , , 
383,0,0,0,0,0,0,0,0,0,0,1,1,0,0,0,0,0,0,0,0,1,MaddenNFL19,2018,2015-2019,MaddenFootball,3,3,,0,NFLPlayers,5,2,0,Sports, , , 
384,0,0,0,0,0,0,0,0,0,0,1,1,0,0,0,0,0,0,0,0,1,Marvel??sSpider-Man,2018,2015-2019,Spider-Man,1,3,2,Spider-Man,Spider-Man,3,3,1,ActionAdventure, , , 
385,0,0,0,0,0,0,0,0,0,0,1,1,0,0,0,1,0,0,0,1,2,MonsterHunter:World,2018,2015-2019,MonsterHunter,3,3,3,Customizable,Customizable,1,3,1,RPG,Action, , 
386,0,0,0,0,0,0,0,0,0,0,1,1,0,0,0,0,0,0,0,0,1,NBA2K19,2018,2015-2019,NBA2KBasketball,3,3,6,0,NBAPlayers,5,2,0,Sports, , , 
387,0,0,0,0,0,0,0,0,0,0,1,1,0,0,0,1,1,0,0,2,3,RedDeadRedemptionII,2018,2015-2019,RedDeadRedemption,3,3,4,ArthurMorgan,ArthurMorgan,3,3,1,ActionAdventure, , , 
388,0,0,0,0,0,0,0,0,0,0,1,1,0,0,0,1,0,0,0,1,2,SuperSmashBros.Ultimate,2018,2015-2019,SuperMario,3,3,1,0,Multiple,3,4,0,Fighting, , , 
389,1,0,0,0,0,0,0,0,0,0,0,1,0,0,0,0,0,0,0,0,1,WIIFIT,2018,2015-2019,Mii,3,3,1,0,Customizable,1,5,0,Exergaming, , , 
357,0,0,0,0,0,0,0,0,0,1,0,1,0,0,0,0,0,0,0,0,1,Assassin’sCreed:Origins,2017,2015-2019,Assasin'sCreed,1,3,3,BayekofSiwa,BayekofSiwa,3,3,1,RPG, , , 
358,0,0,0,0,0,0,0,0,0,1,1,2,0,0,0,0,0,0,0,0,2,CallofDuty:WWII,2017,2015-2019,CallofDuty,3,3,3,"Ronald\Red\""Daniels""","Ronald\Red\""Daniels""",3,1,1,FirstPersonShooter, , , 
359,0,0,0,0,0,0,0,0,0,1,0,1,0,0,0,0,0,0,0,0,1,Destiny2,2017,2015-2019,Destiny,2,3,6,Guardians,Multiple,2,3,1,FirstPersonShooter, , , 
360,0,0,0,0,0,0,0,0,0,0,0,0,0,0,0,1,0,0,0,1,1,Divinity:OriginalSinII,2017,2015-2019,Divinity,3,3,5,PlayerCharacter,Customizable,1,3,1,RPG, , , 
361,0,0,0,0,0,0,0,0,0,1,0,1,0,0,0,0,0,0,0,0,1,Fifa18,2017,2015-2019,FIFA,3,3,6,AlexHunter,Multiple,5,2,1,Sports, , , 
362,0,0,0,0,0,0,0,0,0,1,0,1,0,0,0,0,0,0,0,0,1,ForHonor,2017,2015-2019,0,3,3,3,TheWarden,TheWarden,3,3,0,ActionAdventure,Fightinging, , 
363,0,0,0,0,0,0,0,0,0,0,0,0,0,0,1,1,0,0,0,2,2,Fortnite,2017,2015-2019,0,2,3,9,0,Customizable,1,3,0,Survival,BattleRoyale,Sandbox, 
364,0,0,0,0,0,0,0,0,0,1,0,1,0,0,0,0,0,0,0,0,1,HorizonZeroDawn,2017,2015-2019,0,1,3,2,Aloy,Aloy,3,3,1,Action,RPG, , 
365,0,0,0,0,0,0,0,0,0,1,0,1,0,0,0,0,0,0,0,0,1,Injustice2,2017,2015-2019,Injustice,3,3,5,0,Multiple,3,4,0,Fightinging, , , 
366,0,0,0,0,0,0,0,0,0,1,0,1,0,0,0,0,0,0,0,0,1,MaddenNFL18,2017,2015-2019,MaddenFootball,3,3,2,0,NFLPlayers,5,2,0,Sports, , , 
367,0,0,0,0,0,0,0,0,0,1,0,1,0,0,0,0,0,0,0,0,1,NBA2K18,2017,2015-2019,NBA2KBasketball,3,3,8,0,NBAPlayers,5,2,0,Sports, , , 
368,0,0,0,0,0,0,0,0,0,0,0,0,1,0,0,0,0,0,0,1,1,Nier:Automata,2017,2015-2019,Drakengard,3,3,3,YoRHaNo.2TypeB(2B),YoRHaNo.2TypeB(2B),3,3,1,RPG, , , 
369,0,0,0,0,0,0,0,0,0,0,0,0,0,0,0,1,0,0,0,1,1,Persona5,2017,2015-2019,Persona,1,1,2,PersonaProtagonist,PersonaProtagonist,3,3,1,RPG,Simulation, , 
370,0,0,0,0,0,0,0,0,0,0,0,0,0,0,0,0,1,0,0,1,1,Persona5Royal,2017,2015-2019,Persona,1,1,1,PersonaProtagonist,PersonaProtagonist,3,3,1,RPG,Simulation, , 
371,0,0,0,0,0,0,0,0,0,0,1,1,0,0,0,0,0,0,0,0,1,PlayerUnknown’sBattlegrounds,2017,2015-2019,0,2,3,6,0,Customizable,1,1,0,BattleRoyale, , , 
372,0,0,0,0,0,0,0,0,0,1,0,1,0,0,0,0,0,0,0,0,1,StarWarsBattlefrontII,2017,2015-2019,StarWarsBattlefront,3,3,3,Player,AnakinSkywalker,3,5,1,FirstPersonShooter,ThirdPersonShooter, , 
373,0,0,0,0,0,0,0,0,0,1,1,2,0,0,1,0,1,0,0,2,4,SuperMarioOdyssey,2017,2015-2019,SuperMario,3,3,1,SuperMario,Mario,3,3,1,Platform,ActionAdventure, , 
374,0,0,0,0,0,0,0,0,0,1,0,1,1,0,1,1,1,0,0,4,5,TheLegendofZelda:BreathoftheWild,2017,2015-2019,TheLegendofZelda,1,3,2,Link,Link,3,3,1,ActionAdventure, , , 
375,0,0,0,0,0,0,0,0,0,1,0,1,0,0,0,0,0,0,0,0,1,TomClancy’sGhostrecon:Wildlands,2017,2015-2019,TomClancy's,3,3,3,Nomad,Customizable,1,3,1,ThirdPersonShooter, , , 
340,0,0,0,0,0,0,0,0,1,0,0,1,0,0,0,0,0,0,0,0,1,Battlefield1,2016,2015-2019,Battlefield,3,3,1,FrederickBishop,FrederickBishop,3,1,1,FirstPersonShooter, , , 
341,0,0,0,0,0,0,0,0,1,0,0,1,0,0,0,0,0,0,0,0,1,CallofDuty:InfiniteWarfare,2016,2015-2019,CallofDuty,3,3,3,NickReyes,NickReyes,3,1,1,FirstPersonShooter, , , 
342,0,0,0,0,0,0,0,0,1,0,0,1,0,0,0,0,0,0,0,0,1,DarkSoulsIII,2016,2015-2019,DarkSouls,3,3,3,AshenOne,Customizable,1,3,1,RPG,Action, , 
343,0,0,0,0,0,0,0,0,1,0,0,1,0,0,0,0,0,0,0,0,1,FarCryPrimal,2016,2015-2019,FARCRY,1,3,3,Takkar,Takkar,3,1,1,ActionAdventure, , , 
344,0,0,0,0,0,0,0,0,1,0,0,1,0,0,0,0,0,0,0,0,1,FIFA17,2016,2015-2019,FIFA,3,3,5,AlexHunter,Multiple,5,2,1,Sports, , , 
345,0,0,0,0,0,0,0,0,1,0,0,1,0,0,0,0,0,0,0,0,1,FinalFantasyXV,2016,2015-2019,FinalFantasy,1,3,4,NoctisLucisCaelum,NoctisLucisCaelum,3,3,1,Action,RPG, , 
346,0,0,0,0,0,0,0,0,0,0,0,0,0,0,0,1,0,0,0,1,1,InSide,2016,2015-2019,0,1,3,5,INSIDETheProtagonist,TheProtagonistINSIDE,3,4,1,Puzzle,Platform, , 
347,0,0,0,0,0,0,0,0,1,0,0,1,0,0,0,0,0,0,0,0,1,MaddenNFL17,2016,2015-2019,MaddenFootball,3,3,4,0,NFLPlayers,5,2,0,Sports, , , 
348,0,0,0,0,0,0,0,0,1,1,0,2,0,0,0,0,0,0,0,0,2,NBA2K17,2016,2015-2019,NBA2KBasketball,3,3,7,0,NBAPlayers,5,2,0,Sports, , , 
349,0,0,0,0,0,0,0,0,1,1,0,2,0,0,1,1,0,0,0,2,4,Overwatch,2016,2015-2019,0,2,3,4,0,Multiple,2,1,0,FirstPersonShooter, , , 
350,0,0,0,0,0,0,0,0,1,0,0,1,0,0,0,0,0,0,0,0,1,Pokemon:Moon,2016,2015-2019,Pokemon,3,1,1,Elio,Customizable,1,5,1,RPG, , , 
351,0,0,0,0,0,0,0,0,1,0,0,1,0,0,0,0,0,0,0,0,1,Pokemon:Sun,2016,2015-2019,Pokemon,3,1,1,Elio,Customizable,1,5,1,RPG, , , 
352,0,0,0,0,0,0,0,0,0,0,0,0,0,0,0,1,0,0,0,1,1,PokemonGo,2016,2015-2019,Pokemon,2,1,2,0,0,0,0,0,Pervasive, , , 
353,0,0,0,0,0,0,0,0,0,0,0,0,0,0,0,1,0,0,0,1,1,TheWitness,2016,2015-2019,TheWitness,1,3,6,UnnamedTheWitnessCharacter,UnnamedTheWitnessCharacter,3,1,0,Puzzle, , , 
354,0,0,0,0,0,0,0,0,1,0,0,1,1,0,0,0,0,0,0,1,2,Titanfall2,2016,2015-2019,Titanfall,3,3,3,JackCooper,JackCooper,3,1,1,FirstPersonShooter, , , 
355,0,0,0,0,0,0,0,0,1,0,0,1,0,0,0,0,0,0,0,0,1,TomClancy'sTheDivision,2016,2015-2019,TomClancy's,2,3,3,0,Customizable,2,3,1,ActionAdventure,RPG,ThirdPersonShooter, 
356,0,0,0,0,0,0,0,0,0,0,0,0,1,0,0,0,0,0,0,1,1,Uncharted4:AThief'sEnd,2016,2015-2019,Uncharted,1,3,1,"Nathan\Nate\""Drake""","Nathan\Nate\""Drake""",3,3,1,ActionAdventure, , , 
320,0,0,0,0,0,0,0,1,0,0,0,1,0,0,0,0,0,0,0,0,1,Batman:ArkhamKnight,2015,2015-2019,Batman:Arkham,1,3,3,Batman,Batman,3,3,1,ActionAdventure, , , 
321,0,0,0,0,0,0,0,1,0,0,0,1,0,0,0,0,0,0,0,0,1,BattlefieldHARDLINE,2015,2015-2019,Battlefield,3,3,5,"Nicholas\Nick\""Mendoza""","Nicholas\Nick\""Mendoza""",3,1,1,FirstPersonShooter, , , 
322,0,0,0,0,0,0,0,0,0,0,0,0,1,0,1,1,0,0,0,3,3,Bloodborne,2015,2015-2019,0,3,3,1,Hunter,Customizable,1,3,1,ActionAdventure,RPG, , 
323,0,0,0,0,0,0,0,1,1,0,0,2,0,0,0,0,0,0,0,0,2,CallofDuty:BLACKOPSIII,2015,2015-2019,CallofDuty,3,3,6,0,Multiple,3,1,1,FirstPersonShooter, , , 
324,0,0,0,0,0,0,0,1,0,0,0,1,0,0,0,0,0,0,0,0,1,Destiny:THETAKENKING,2015,2015-2019,Destiny,2,3,4,Guardians,Guardians,2,3,1,FirstPersonShooter,RPG,Action, 
325,0,0,0,0,0,0,0,1,0,0,0,1,0,0,0,0,0,0,0,0,1,DyingLight,2015,2015-2019,DyingLight,3,3,5,KyleCrane,KyleCrane,3,1,1,ActionAdventure,Survival,Horror, 
326,0,0,0,0,0,0,0,1,0,0,0,1,0,0,0,0,0,0,0,0,1,Fallout4,2015,2015-2019,Fallout,1,3,3,SoleSurvivor,SoleSurvivor,1,1,1,Action,RPG, , 
327,0,0,0,0,0,0,0,1,0,0,0,1,0,0,0,0,0,0,0,0,1,FIFA16,2015,2015-2019,FIFA,3,3,7,0,Footballplayers,5,2,0,Sports, , , 
328,0,0,0,0,0,0,0,1,0,0,0,1,0,0,0,0,0,0,0,0,1,HALO5:GUARDIANS,2015,2015-2019,Halo,3,3,1,John-117MasterChief,JamesonLocke,3,1,1,FirstPersonShooter, , , 
329,0,0,0,0,0,0,0,1,0,0,0,1,0,0,0,0,0,0,0,0,1,LegoJurassicWorld,2015,2015-2019,JurassicPark,3,3,11,0,Multiple,3,3,1,ActionAdventure, , , 
330,0,0,0,0,0,0,0,1,0,0,0,1,0,0,0,0,0,0,0,0,1,MADDENNFL16,2015,2015-2019,MaddenFootball,3,3,4,0,NFLPlayers,5,2,0,Sports, , , 
331,0,0,0,0,0,0,0,1,0,0,0,1,0,0,1,0,1,0,0,2,3,MetalGearSolidV:ThePhantomPain,2015,2015-2019,MetalGearSolid,3,3,5,Venom Snake,VenomSnake,3,3,1,ActionAdventure,stealth, , 
332,0,0,0,0,0,0,0,1,0,0,0,1,0,0,0,0,0,0,0,0,1,MORTALKOMBATX,2015,2015-2019,MortalKombat,3,3,3,0,CassieCage,3,4,0,Fightinging, , , 
333,0,0,0,0,0,0,0,1,1,0,0,2,0,0,0,0,0,0,0,0,2,NBA2K16,2015,2015-2019,NBA2KBasketball,3,3,7,0,NBAPlayers,5,2,0,Sports, , , 
334,0,0,0,0,0,0,0,0,0,0,0,0,0,0,0,1,0,0,1,2,2,RiseoftheTombRaider,2015,2015-2019,TombRaider,1,3,7,LaraCroft,LaraCroft,3,3,1,ActionAdventure, , , 
335,0,0,0,0,0,0,0,0,0,1,1,2,0,0,1,0,0,0,0,1,3,RocketLeague,2015,2015-2019,RocketLeague,3,3,6,0,0,0,3,0,Sports, , , 
336,0,0,0,0,0,0,0,1,1,0,0,2,0,0,0,0,0,0,0,0,2,StarWarsBattlefront,2015,2015-2019,StarWarsBattlefront,3,3,3,IdenVersio,IdenVersio,3,3,1,FirstPersonShooter,ThirdPersonShooter, , 
337,0,0,0,0,0,0,0,1,0,0,0,1,1,0,1,1,0,1,0,4,5,TheWitcher3:WildHunt,2015,2015-2019,TheWitcher3,1,3,6,GeraltofRivia,GeraltofRivia,3,3,1,ActionAdventure,RPG, , 
338,0,0,0,0,0,0,0,0,1,1,1,3,0,0,0,0,0,0,0,0,3,TomClancy'sRainbowSix:Siege,2015,2015-2019,TomClancy's,3,3,5,0,Customizable,2,1,1,FirstPersonShooter, , , 
339,0,0,0,0,0,0,0,0,0,0,0,0,0,0,0,1,0,0,0,1,1,Undertale,2015,2015-2019,0,1,2,6,Frisk,Frisk,3,4,1,RPG, , , 
302,0,0,0,0,0,0,0,0,0,0,0,0,0,1,0,0,0,0,0,1,1,Alien:Isolation,2014,2010-2014,Alien,1,3,8,Amanda Ripley,AmandaRipley,3,1,1,ActionAdventure,Survival, , 
303,0,0,0,0,0,0,1,1,0,0,0,2,0,0,0,0,0,0,0,0,2,CallofDuty:ADVANCEDWARFARE,2014,2010-2014,CallofDuty,3,3,5,JackMitchell,JackMitchell ,3,1,1,FirstPersonShooter, , , 
304,0,0,0,0,0,0,1,0,0,0,0,1,0,1,0,0,0,0,0,1,2,Destiny,2014,2010-2014,Destiny,3,3,4,Guardians,Guardians,2,3,1,FirstPersonShooter, , , 
305,0,0,0,0,0,0,1,0,0,0,0,1,0,0,0,0,0,0,0,0,1,DisneyInfinity2.0-MarvelSuperHeroes,2014,2010-2014,DisneyInfinity,3,3,9,0,Aladdin,3,3,1,ActionAdventure,Sandbox,Toys, 
306,0,0,0,0,0,0,0,0,0,0,0,0,0,1,0,0,0,0,0,1,1,DragonAge:Inquisition,2014,2010-2014,DragonAge,3,3,5,TheInquisitor,TheInquisitor,3,3,1,RPG, , , 
307,0,0,0,0,0,0,1,0,0,0,0,1,0,0,0,0,0,0,0,0,1,FarCry4,2014,2010-2014,FARCRY,3,3,5,AjayGhale,AjayGhale,3,1,1,FirstPersonShooter, , , 
308,0,0,0,0,0,0,1,0,0,0,0,1,0,1,0,0,0,0,0,1,2,FIFA15,2014,2010-2014,FIFA,3,3,6,0,Footballplayers,5,2,0,Sports, , , 
309,0,0,0,0,0,0,0,0,0,0,0,0,0,1,0,0,0,0,0,1,1,Hearthstone,2014,2010-2014,0,0,2,4,0,0,0,0,0,Strategy,Turn-Based,CardBattle, 
310,0,0,0,0,0,0,1,0,0,0,0,1,0,0,0,0,0,0,0,0,1,JUSTDANCE2015,2014,2010-2014,JustDance,1,1,6,0,0,0,0,0,Action,Rhythm, , 
311,0,0,0,0,0,0,1,0,0,0,0,1,0,0,0,0,0,0,0,0,1,MADDENNFL15,2014,2010-2014,MaddenFootball,3,3,4,0,NFLPlayers,5,2,0,Sports, , , 
312,0,0,0,0,0,0,1,0,0,1,1,3,0,0,1,1,0,0,0,2,5,MarioKart8,2014,2010-2014,MarioKart,3,3,2,Mario,Multiple,3,5,0,Racing, , , 
313,0,0,0,0,0,0,1,0,0,0,0,1,0,0,0,0,0,0,0,0,1,Middle-earth:ShadowofMordor,2014,2010-2014,TheLordoftheRings,1,3,7,Talion,Talion,3,3,1,ActionAdventure, , , 
314,0,0,0,0,0,0,0,0,1,0,0,1,0,0,0,0,0,0,0,0,1,NBA2K15,2014,2010-2014,NBA2KBasketball,3,3,5,0,NBAPlayers,5,2,0,Sports, , , 
315,0,0,0,0,0,0,0,0,0,0,0,0,0,1,0,0,0,0,0,1,1,Nidhogg,2014,2010-2014,Nidhogg,3,2,4,0,Theplayer,5,3,0,Action, , , 
316,0,0,0,0,0,0,1,0,0,0,0,1,0,0,0,0,0,0,0,0,1,THELEGOMOVIEVIDEOGAME,2014,2010-2014,Lego,3,3,10,0,Multiple,3,3,1,ActionAdventure, , , 
317,0,0,0,0,0,0,0,0,0,0,0,0,1,0,0,0,0,0,0,1,1,Threes,2014,2010-2014,0,1,2,5,0,0,0,0,0,Puzzle, , , 
318,0,0,0,0,0,0,1,0,0,0,0,1,0,0,0,0,0,0,0,0,1,Titanfall,2014,2010-2014,Titanfall,3,3,7,0,Class - Titans,2,1,0,FirstPersonShooter, , , 
319,0,0,0,0,0,0,1,0,0,0,0,1,0,0,0,0,0,0,0,0,1,WATCHDOGS,2014,2010-2014,WATCHDOGS,3,3,6,AidenPearce,AidenPearce,3,3,1,ActionAdventure, , , 
279,0,0,0,0,0,1,0,0,0,0,0,1,0,1,0,1,0,0,0,2,3,Assasin'sCreedIV:BlackFlag,2013,2010-2014,Assasin'sCreed,3,3,7,EdwardKenway,EdwardKenway,3,3,1,ActionAdventure,Stealth, , 
280,0,0,0,0,0,1,0,0,0,0,0,1,0,0,0,0,0,0,0,0,1,Batman:ArkhamOrigins,2013,2010-2014,Batman:Arkham,3,3,4,Batman,Batman,3,3,1,ActionAdventure, , , 
281,0,0,0,0,0,1,1,0,0,0,0,2,0,0,0,0,0,0,0,0,2,Battlefield4,2013,2010-2014,Battlefield,3,3,5,"Sgt.Daniel\Reck\""Recker""","Sgt.Daniel\Reck\""Recker""",3,1,1,FirstPersonShooter, , , 
282,0,0,0,0,0,1,0,0,0,0,0,1,0,0,0,0,1,0,0,1,2,BioShockInfinite,2013,2010-2014,BioShock,1,3,5,BookerDeWitt,BookerDeWitt,3,1,1,ActionAdventure,FirstPersonShooter, , 
283,0,0,0,0,0,0,0,0,0,0,0,0,0,1,0,0,0,0,0,1,1,Brothers:ATaleofTwoSons,2013,2010-2014,0,3,3,0,Naia,NaiaandNaiee,3,3,1,ActionAdventure, , , 
284,0,0,0,0,0,1,1,0,0,0,0,2,0,0,0,0,0,0,0,0,2,CallofDuty:GHOSTS,2013,2010-2014,CallofDuty,3,3,6,LoganWalker,LoganWalker,3,1,1,FirstPersonShooter, , , 
285,0,0,0,0,0,1,0,0,0,0,0,1,0,0,0,0,0,0,0,0,1,DisneyInfinity,2013,2010-2014,DisneyInfinity,3,3,12,0,Multiple,3,3,1,ActionAdventure,Sandbox,Toys, 
286,0,0,0,0,0,0,0,0,0,0,0,0,0,0,0,1,0,1,1,3,3,Dota2,2013,2010-2014,Dota,2,2,3,0,Multiple,2,3,0,Strategy,Multiplayeronlinebattlearena, , 
287,0,0,0,0,0,1,0,0,0,0,0,1,0,0,0,0,0,0,0,0,1,FiFa14,2013,2010-2014,FIFA,3,3,11,0,Footballplayers,5,2,0,Sports, , , 
288,0,0,0,0,0,0,0,0,0,0,0,0,0,0,0,0,0,1,0,1,1,GONEHOME,2013,2010-2014,0,1,2,7,SamanthaGreenbriar,KatieGreenbriar,3,1,1,Adventure, , , 
289,0,0,0,0,0,1,1,1,1,1,1,6,0,1,1,1,1,1,0,5,11,GrandTheftAutoV,2013,2010-2014,GrandTheftAuto,3,3,7,FranklinClinton,FranklinClinton,3,5,1,ActionAdventure, , , 
290,0,0,0,0,0,1,0,0,0,0,0,1,0,0,0,0,0,0,0,0,1,Injustice:goDSamongUS,2013,2010-2014,Injustice,3,3,8,0,Multiple,3,4,0,Fightinging, , , 
291,0,0,0,0,0,1,0,0,0,0,0,1,0,0,0,0,0,0,0,0,1,JUStDance2014,2013,2010-2014,JustDance,3,1,4,0,0,0,0,0,Action,Rhythm, , 
292,0,0,0,0,0,1,1,0,0,0,0,2,0,0,0,0,0,0,0,0,2,LegoMarvelSuperHeroes,2013,2010-2014,LEGOMarvel,3,3,12,0,Multiple,3,3,1,ActionAdventure, , , 
293,0,0,0,0,0,1,0,0,0,0,0,1,0,0,0,0,0,0,0,0,1,MaddenNFL25,2013,2010-2014,MaddenFootball,3,3,6,0,NFLPlayers,5,2,0,Sports, , , 
294,0,0,0,0,0,1,1,1,0,0,0,3,0,0,0,0,0,0,0,0,3,Nba2K14,2013,2010-2014,NBA2KBasketball,3,3,7,0,NBAPlayers,5,2,0,Sports, , , 
295,0,0,0,0,0,0,0,0,0,0,0,0,0,0,1,0,0,0,0,1,1,"Papers,Please",2013,2010-2014,0,1,2,5,Inspector,Inspector,3,1,1,Puzzle,Simulation, , 
296,0,0,0,0,0,1,0,0,0,0,0,1,0,1,0,0,0,0,0,1,2,poKemonX,2013,2010-2014,Pokemon,3,1,1,Calem,Customizable,3,5,1,RPG, , , 
297,0,0,0,0,0,1,0,0,0,0,0,1,0,1,0,0,0,0,0,1,2,poKemony,2013,2010-2014,Pokemon,3,1,1,Calem,Customizable,3,5,1,RPG, , , 
298,0,0,0,0,0,1,0,0,0,0,0,1,0,0,0,0,0,0,0,0,1,SKylandersSwapForce,2013,2010-2014,Skylanders,3,3,7,0,Skylanders,3,3,1,RPG,Platform,Toys, 
299,0,0,0,0,0,1,0,0,0,0,0,1,0,1,1,1,1,0,0,4,5,TheLastofUs,2013,2010-2014,TheLastofUs,3,3,2,JoelMiller,JoelMiller,3,3,1,ActionAdventure,Survival, , 
300,0,0,0,0,0,0,0,0,0,0,0,0,0,1,0,0,0,0,0,1,1,TowerFallAscension,2013,2010-2014,Towerfall,3,3,9,0,Multiple (4),2,4,1,Action, , , 
301,0,0,0,0,0,0,0,0,0,0,0,0,0,1,0,0,0,0,0,1,1,XCOM:EnemyWithin,2013,2010-2014,X-COM,3,3,7,0,Customizable,2,3,1,Strategy, , , 
257,0,0,0,0,0,0,0,0,0,0,0,0,0,1,0,0,0,0,0,1,1,AnimalCrossing:NewLeaf,2012,2010-2014,AnimalCrossing,2,3,1,0,Customizable,1,3,0,Simulation,VirtualLife, , 
258,0,0,0,0,1,0,0,0,0,0,0,1,0,0,0,0,0,0,0,0,1,Assasin'sCreedIII,2012,2010-2014,Assasin'sCreed,3,3,7,ConnorKenway,ConnorKenway,3,3,1,ActionAdventure,Stealth, , 
259,0,0,0,0,1,0,0,0,0,0,0,1,0,0,0,1,0,0,0,1,2,Borderlands2,2012,2010-2014,Borderlands,3,3,5,0,AxtontheCommando,3,1,1,ActionAdventure,FirstPersonShooter,RPG, 
260,0,0,0,0,1,1,0,0,0,0,0,2,0,0,0,0,0,0,0,0,2,CallofDuty:BLACKOPSII,2012,2010-2014,CallofDuty,3,3,4,0,AlexMason,3,1,1,FirstPersonShooter, , , 
261,0,0,0,0,0,0,0,0,0,0,0,0,0,0,0,1,0,0,0,1,1,Dishonored,2012,2010-2014,Dishonored,1,3,5,CorvoAttano,CorvoAttano,3,1,1,ActionAdventure,Stealth, , 
262,0,0,0,0,1,0,0,0,0,0,0,1,0,0,0,0,0,0,0,0,1,FIFASOCCER13,2012,2010-2014,FIFA,3,3,6,0,Multiple,5,2,0,Sports, , , 
263,0,0,0,0,0,0,0,0,0,0,0,0,0,1,0,0,0,0,0,1,1,FireEmblemAwakening,2012,2010-2014,FireEmblem,3,3,1,0,Customizable,1,5,1,Strategy, , , 
264,0,0,0,0,0,0,0,0,0,0,0,0,0,0,1,0,0,0,0,1,1,ForzaHorizon,2012,2010-2014,Forza,3,3,1,0,0,0,3,0,Racing, , , 
265,0,0,0,0,0,0,0,0,0,0,0,0,0,1,0,0,0,1,0,2,2,GuildWars2,2012,2010-2014,GuildWars,0,3,2,0,Customizable,1,3,1,MMORPG, , , 
266,0,0,0,0,1,0,0,0,0,0,0,1,0,0,0,0,0,0,0,0,1,HALO4,2012,2010-2014,Halo,3,3,3,MasterChiefSPARTAN-II,MasterChiefSPARTAN-II,3,1,1,FirstPersonShooter, , , 
267,0,0,0,0,0,0,0,0,0,0,0,0,0,1,0,0,0,0,0,1,1,HotlineMiami,2012,2010-2014,HotlineMiami,0,2,11,Jacket,Jacket,3,3,1,ActionAdventure, , , 
268,0,0,0,0,0,0,0,0,0,0,0,0,0,0,0,0,1,0,0,1,1,JetGrindRadio,2012,2010-2014,JetGrindRadio,1,1,8,Beat,Beat,3,3,1,Action,Platform, , 
269,0,0,0,0,0,0,0,0,0,0,0,0,0,1,1,1,0,1,0,4,4,Journey,2012,2010-2014,0,3,3,3,TheTraveler,TheTraveler,3,3,1,Adventure, , , 
270,0,0,0,0,1,0,0,0,0,0,0,1,0,0,0,0,0,0,0,0,1,JUSTDANCE4,2012,2010-2014,JustDance,3,1,4,0,0,0,0,0,Action,Rhythm, , 
271,0,0,0,0,1,0,0,0,0,0,0,1,0,0,0,0,0,0,0,0,1,LegoBatman2:DCSuperHeroes,2012,2010-2014,Batman,3,3,12,0,Multiple,3,3,1,ActionAdventure, , , 
272,0,0,0,0,1,0,0,0,0,0,0,1,0,0,0,0,0,0,0,0,1,MADDENNFL13,2012,2010-2014,MaddenFootball,3,3,6,0,NFLPlayers,5,2,0,Sports, , , 
273,0,0,0,0,1,0,0,0,0,0,0,1,0,0,0,0,0,0,0,0,1,MassEffect3,2012,2010-2014,MassEffect,3,3,4,Commander Shepard,CommanderShepard,1,3,1,Action,RPG,ThirdPersonShooter, 
274,0,0,0,0,1,1,1,0,0,0,0,3,0,0,0,0,0,0,0,0,3,NBA2K13,2012,2010-2014,NBA2KBasketball,3,3,8,0,NBAPlayers,5,2,0,Sports, , , 
275,0,0,0,0,1,0,0,0,0,0,0,1,0,0,0,0,0,0,0,0,1,NCAAFOOTBALL13,2012,2010-2014,NCAAFootball,3,3,2,0,NBAPlayers,5,2,0,Sports,Simulation, , 
276,0,0,0,0,1,0,0,0,0,0,0,1,0,0,0,0,0,0,0,0,1,NEWSUPERMARIOBROS.2,2012,2010-2014,NEWSUPERMARIOBROS,3,1,1,Mario,Mario,3,4,1,Platform, , , 
277,0,0,0,0,1,0,0,0,0,0,0,1,0,0,0,0,0,0,0,0,1,Skylanders:Giants,2012,2010-2014,Skylanders,3,3,5,0,Skylanders,3,3,1,RPG,Platform,Toys, 
278,0,0,0,0,0,0,0,0,0,0,0,0,0,1,0,0,0,0,0,1,1,TheWalkingDead:SeasonOne,2012,2010-2014,TheWalkingDead,1,3,13,LeeEverett,LeeEverett,3,3,1,Adventure, , , 
237,0,0,0,1,0,0,0,0,0,0,0,1,0,0,0,0,0,0,0,0,1,Assassin’sCreed:Revelations,2011,2010-2014,Assasin'sCreed,3,3,5,EzioAuditoredaFirenze,EzioAuditoredaFirenze,3,3,1,ActionAdventure,Stealth, , 
238,0,0,0,1,1,0,0,0,0,0,0,2,0,0,0,1,1,0,0,2,4,Batman:ArkhamCity,2011,2010-2014,Batman:Arkham,1,3,6,Batman,Batman,3,3,1,ActionAdventure,Beat'emup,Stealth, 
239,0,0,0,1,1,0,0,0,0,0,0,2,0,1,0,0,0,0,0,1,3,Battlefield3,2011,2010-2014,Battlefield,3,3,3,Henry Blackburn,Henry Blackburn,3,1,1,FirstPersonShooter, , , 
240,0,0,0,1,1,0,0,0,0,0,0,2,0,0,0,0,0,0,0,0,2,CallofDuty:ModernWarfare3,2011,2010-2014,CallofDuty,3,3,4,"Cpt. John \Soap\"" MacTavish""","Cpt. John \Soap\"" MacTavish""",3,1,1,FirstPersonShooter, , , 
241,0,0,0,0,0,0,0,0,0,0,0,0,0,1,1,1,0,1,0,4,4,DarkSouls,2011,2010-2014,DarkSouls,3,3,6,Undead,Customizable,1,3,1,RPG,Action, , 
242,0,0,0,0,0,0,0,0,0,0,0,0,0,0,0,0,0,1,0,1,1,FIFA12,2011,2010-2014,FIFA,3,3,12,0,Footballplayers,5,3,0,Sports, , , 
243,0,0,0,1,0,0,0,0,0,0,0,1,0,0,0,0,0,0,0,0,1,GearsofWar3,2011,2010-2014,GearsofWar,3,3,1,MarcusMichaelFenix,MarcusMichaelFenix,3,3,1,ThirdPersonShooter, , , 
244,0,0,0,1,1,0,0,0,0,0,0,2,0,0,0,0,0,0,0,0,2,JUSTDANCE3,2011,2010-2014,JustDance,3,1,3,0,0,0,0,0,Action,Rhythm, , 
245,0,0,0,1,0,0,0,0,0,0,0,1,0,0,0,0,0,0,0,0,1,L.A.NOIRE,2011,2010-2014,0,1,3,6,ColePhelps,ColePhelps,3,3,1,ActionAdventure, , , 
246,0,0,0,1,0,0,0,0,0,0,0,1,0,0,0,0,0,0,0,0,1,LegoStarWarsIII:TheCloneWars,2011,2010-2014,LEGOStarWars,3,3,8,0,Multiple,3,3,1,ActionAdventure, , , 
247,0,0,0,1,0,0,0,0,0,0,0,1,0,0,0,0,0,0,0,0,1,MADDENNFL12,2011,2010-2014,MaddenFootball,3,3,8,0,NFLPlayers,5,2,0,Sports, , , 
248,0,0,0,0,1,0,0,0,0,0,0,1,0,1,0,0,0,0,0,1,2,MarioKart7,2011,2010-2014,MarioKart,3,3,1,Mario,Multiple,3,5,0,Racing, , , 
249,0,0,0,1,0,0,0,0,0,0,0,1,0,0,0,0,0,0,0,0,1,MORTALKOMBAT2011,2011,2010-2014,MortalKombat,3,3,4,0,Skarlet,3,4,0,Fightinging, , , 
250,0,0,0,1,1,0,0,0,0,0,0,2,0,0,0,0,0,0,0,0,2,NBA2K12,2011,2010-2014,NBA2KBasketball,3,3,7,0,NBAPlayers,5,2,0,Sports, , , 
251,0,0,0,1,0,0,0,0,0,0,0,1,0,0,0,0,0,0,0,0,1,NCAAFOOTBALL12,2011,2010-2014,NCAAFootball,3,3,2,0,NBAPlayers,5,2,0,Sports,Simulation, , 
252,0,0,0,0,0,0,0,0,0,0,0,0,0,1,1,1,1,1,1,6,6,Portal2,2011,2010-2014,Portal,3,3,5,Chell(TestSubject#1),Chell(TestSubject#1),3,1,1,Platform,Puzzle, , 
253,0,0,0,0,0,0,0,0,0,0,0,0,0,0,0,1,0,1,0,2,2,SplinterCell:ChaosTheory,2011,2010-2014,SplinterCell,3,3,8,SamFisher,SamFisher,3,3,1,Stealth, , , 
254,0,0,0,1,1,0,0,0,1,0,0,3,0,1,1,1,1,1,0,5,8,TheElderScrollsV:Skyrim,2011,2010-2014,TheElderScrolls,1,3,6,LastDragonborn,Customizable,1,1,1,RPG,Action, , 
255,0,0,0,0,0,0,0,0,0,0,0,0,0,1,0,0,0,0,0,1,1,TotheMoon,2011,2010-2014,RPGMaker,1,2,6,JohnWyles,EvaRosalene,3,3,1,Adventure, , , 
256,0,0,0,1,0,0,0,0,0,0,0,1,0,0,0,0,0,0,0,0,1,ZUMBAFITNESS:JOINTHEPARTY,2011,2010-2014,Kinect,3,1,3,0,0,0,0,0,Dance, , , 
214,0,0,1,0,0,0,0,0,0,0,0,1,0,0,0,0,0,0,0,0,1,Assassin’sCreed:BROTHERHOOD,2010,2010-2014,Assasin'sCreed,1,3,6,EzioAuditoredaFirenze,EzioAuditoredaFirenze,3,3,1,ActionAdventure,Stealth, , 
215,0,0,1,0,0,0,0,0,0,0,0,1,0,0,0,0,0,0,0,0,1,Battlefield:BADCOMPANY2,2010,2010-2014,Battlefield,3,3,5,PrestonMarlowe,PrestonMarlowe,3,1,1,FirstPersonShooter, , , 
216,0,0,1,1,0,0,0,0,0,0,0,2,0,0,0,0,0,0,0,0,2,CallofDuty:BLACKOPS,2010,2010-2014,CallofDuty,3,3,6,AlexMason,AlexMason,3,1,1,FirstPersonShooter, , , 
217,0,0,1,0,0,0,0,0,0,0,0,1,0,0,0,0,0,0,0,0,1,DonkeyKongCountryReturns,2010,2010-2014,DonkeyKong,3,3,4,DonkeyKong,DonkeyKong,3,3,1,Platform, , , 
218,1,0,0,0,0,0,0,0,0,0,0,1,0,1,0,1,0,0,0,2,3,FABLEII,2010,2010-2014,Fable,3,3,1,HeroofBowerLake,Customizable,1,3,1,Action,RPG, , 
219,0,0,1,0,0,0,0,0,0,0,0,1,0,0,0,1,0,0,0,1,2,Fallout:NewVegas,2010,2010-2014,Fallout,1,3,3,Courier,Courier,1,1,1,Action,RPG, , 
220,0,0,0,0,0,0,0,0,0,0,0,0,0,1,0,0,0,0,0,1,1,GhostTrick:PhantomDetective,2010,2010-2014,0,1,2,2,Sissel,Sissel,3,3,1,Adventure, , , 
221,0,0,1,0,0,0,0,0,0,0,0,1,0,0,0,0,0,0,0,0,1,HALO:REACH,2010,2010-2014,Halo,3,3,3,0,supersoldiersNobleTeam,2,1,1,FirstPersonShooter, , , 
222,0,0,0,0,0,0,0,0,0,0,0,0,0,1,0,0,0,0,0,1,1,HeavyRain,2010,2010-2014,0,0,3,3,EthanMars,EthanMars,3,3,1,Adventure, , , 
223,0,0,1,1,0,0,0,0,0,0,0,2,0,0,0,0,0,0,0,0,2,JUSTDANCE2,2010,2010-2014,JustDance,3,2,1,0,0,0,0,0,Action,Rhythm, , 
224,0,0,0,0,0,0,0,0,0,0,0,0,0,1,1,0,0,0,0,2,2,Limbo,2010,2010-2014,0,1,2,11,NamelessBoy,NamelessBoy,3,4,1,Puzzle,Platform, , 
225,0,0,1,0,0,0,0,0,0,0,0,1,0,0,0,0,0,0,0,0,1,MADDENNFL11,2010,2010-2014,MaddenFootball,3,3,7,0,NFLPlayers,5,2,0,Sports, , , 
226,0,0,0,0,0,0,0,0,0,0,0,0,0,1,1,1,1,1,0,5,5,MassEffect2,2010,2010-2014,MassEffect,3,3,3,Commander Shepard,CommanderShepard,1,3,1,Action,RPG,ThirdPersonShooter, 
227,0,0,0,1,0,0,0,0,0,0,0,1,0,0,0,0,0,0,0,0,1,MICHAELJACKSONTHEEXPERIENCE,2010,2010-2014,JustDance,3,1,10,Michael Jackson,0,0,0,0,Music, , , 
228,0,0,1,1,0,0,0,0,0,0,0,2,0,0,0,0,0,0,0,0,2,NBA2K11,2010,2010-2014,NBA2KBasketball,3,3,6,0,NBAPlayers,5,2,0,Sports, , , 
229,0,0,0,1,0,0,0,0,0,0,0,1,0,0,0,0,0,0,0,0,1,POKEMONBLACKVERSION,2010,2010-2014,Pokemon,3,2,1,Hilda,Customizable,3,5,1,RPG, , , 
230,0,0,0,1,0,0,0,0,0,0,0,1,0,0,0,0,0,0,0,0,1,POKEMONWHITEVERSION,2010,2010-2014,Pokemon,3,2,1,Hilda,Customizable,3,5,1,RPG, , , 
231,0,0,1,0,0,0,0,0,0,0,0,1,0,1,1,1,1,0,1,5,6,RedDeadRedemption,2010,2010-2014,RedDeadRedemption,3,3,2,JohnMarston,JohnMarston,3,3,1,ActionAdventure, , , 
232,0,0,0,0,0,0,0,0,0,0,0,0,0,1,0,0,0,0,0,1,1,RockBand3,2010,2010-2014,RockBand,3,3,3,0,0,0,5,1,Action,Rhythm,Music, 
233,0,0,0,0,0,0,0,0,0,0,0,0,0,1,0,0,0,1,0,2,2,SidMeier'sCivilizationV,2010,2010-2014,Civilization,3,3,3,0,Multiple,4,2,1,Strategy, , , 
234,0,0,0,0,0,0,0,0,0,0,0,0,0,0,0,0,0,0,1,1,1,StarCraftII:WingsofLiberty,2010,2010-2014,StarCraft,3,3,2,JimRaynor,0,0,2,1,Strategy, , , 
235,0,0,1,0,0,0,0,0,0,0,0,1,0,1,0,0,1,1,0,3,4,SuperMarioGalaxy2,2010,2010-2014,SuperMario,3,3,1,SuperMario,Mario,3,3,1,Platform, , , 
236,0,0,0,0,0,0,0,0,0,0,0,0,0,1,0,0,0,0,0,1,1,XenobladeChronicles,2010,2010-2014,XenobladeChronicles,1,3,4,0,Shulk,3,3,1,RPG, , , 
190,0,0,0,0,0,0,0,0,0,0,0,0,0,0,0,0,0,0,1,1,1,AngryBirds,2009,2005-2009,AngryBirds,1,2,6,Red,Agry Birds,4,3,0,Puzzle,Casual,Strategy,Shooter
191,0,1,0,0,0,0,0,0,0,0,0,1,0,0,1,0,0,0,0,1,2,Assasin'sCreedII,2009,2005-2009,Assasin'sCreed,1,3,6,EzioAuditoredaFirenze,EzioAuditoredaFirenze,3,3,1,ActionAdventure,Stealth, , 
192,0,0,0,0,0,0,0,0,0,0,0,0,0,1,1,0,0,0,0,2,2,Batman:ArkhamAsylum,2009,2005-2009,Batman:Arkham,1,3,6,Batman,Batman,3,3,1,ActionAdventure, , , 
193,0,0,0,0,0,0,0,0,0,0,0,0,0,1,0,0,0,0,0,1,1,Bayonetta,2009,2005-2009,Bayonetta,1,3,7,Bayonetta,Bayonetta,3,3,1,ActionAdventure, , , 
194,0,0,0,0,0,0,0,0,0,0,0,0,0,1,0,0,0,0,1,2,2,Braid,2009,2005-2009,0,1,2,5,Tim,Tim,3,3,1,Platform,Puzzle, , 
195,0,1,1,0,0,0,0,0,0,0,0,2,0,0,0,0,1,0,0,1,3,CallofDuty:ModernWarfare2,2009,2005-2009,CallofDuty,3,3,6,"SergeantGary\Roach\""Sanderson""","SergeantGary\Roach\""Sanderson""",3,1,1,FirstPersonShooter, , , 
196,0,0,0,0,0,0,0,0,0,0,0,0,0,1,0,0,0,0,0,1,1,DragonQuestIX:SentinelsoftheStarrySkies,2009,2005-2009,DragonQuest,3,3,1,TheApprentice,TheApprentice:HeroorHeroine,3,3,1,RPG, , , 
197,0,1,0,0,0,0,0,0,0,0,0,1,0,0,0,0,0,0,0,0,1,EASPORTSACTIVEBUNDLE,2009,2005-2009,EASPORTSACTIVE,3,1,1,0,0,0,5,0,Sports,Sandbox, , 
198,0,0,1,0,0,0,0,0,0,0,0,1,0,0,0,0,0,0,0,0,1,FINALFANTASYXIII,2009,2005-2009,FinalFantasy,1,3,5,Lightning,Lightning,3,3,1,RPG, , , 
199,1,0,0,0,0,0,0,0,0,0,0,1,0,0,0,0,0,0,0,0,1,GUITARHERO:ONTOUR,2009,2005-2009,GuitarHero,3,3,1,0,0,0,0,1,Music, , , 
200,0,0,1,0,0,0,0,0,0,0,0,1,0,0,0,0,0,0,0,0,1,JUSTDANCE,2009,2005-2009,JustDance,3,2,1,0,0,0,0,0,Action,Rhythm, , 
201,0,0,0,0,0,0,0,0,0,0,0,0,0,0,0,1,0,1,0,2,2,LeagueofLegends,2009,2005-2009,LeageofLegends,2,3,2,0,Customizable,2,2,1,MMORPG, , , 
202,0,1,0,0,0,0,0,0,0,0,0,1,0,0,0,1,0,0,0,1,2,Left4Dead2,2009,2005-2009,Left4Dead,3,3,4,TheSurvivors,Coach,3,1,1,FirstPersonShooter,Survival,Horror, 
203,0,1,0,0,0,0,0,0,0,0,0,1,0,0,0,0,0,0,0,0,1,MADDENNFL10,2009,2005-2009,MaddenFootball,1,3,7,0,NFLPlayers,5,2,0,Sports, , , 
204,0,1,0,0,0,0,0,0,0,0,0,1,0,0,0,0,0,0,0,0,1,MARIO&LUIGI:BOWSER’SINSIDESTORY,2009,2005-2009,Mario&Luigi,1,2,1,SuperMario,Mario,3,4,1,RPG, , , 
205,0,0,0,0,0,1,1,1,1,1,1,6,0,1,1,1,0,1,1,5,11,Minecraft,2009,2005-2009,0,3,3,18,Steve,Steve,3,5,0, ,Survival, , 
206,0,0,0,0,0,0,0,0,0,0,0,0,0,1,0,0,0,0,0,1,1,Plantsvs.Zombies,2009,2005-2009,Plantsvs.Zombies,3,2,13,CrazyDave,0,0,0,1,Strategy, , , 
207,0,0,1,0,0,0,0,0,0,0,0,1,0,0,0,0,0,0,0,0,1,POKEMONSOULSILVERVERSION,2009,2005-2009,Pokemon,3,2,1,Ethan,Customizable,3,5,1,RPG, , , 
208,0,1,0,0,0,0,0,0,0,0,0,1,0,0,0,0,0,0,0,0,1,ReSidentEvil5,2009,2005-2009,ResidentEvil,3,3,5,ChrisRedfield,ChrisRedfield,3,3,1,Survival,Horror, , 
209,0,0,0,0,0,0,0,0,0,0,0,0,0,0,0,0,0,0,1,1,1,TheOregonTrail,2009,2005-2009,OregonTrail,1,2,5,0,0,0,2,1,Casual,Simulation, , 
210,0,1,0,0,0,0,0,0,0,0,0,1,0,0,0,0,0,0,0,0,1,UFC2009UNDISPUTED,2009,2005-2009,UFCFighting,3,3,2,0,UFCfighters,3,4,0,Sports, , , 
211,0,0,0,0,0,0,0,0,0,0,0,0,0,1,1,1,1,0,0,4,4,Uncharted2:AmongThieves,2009,2005-2009,Uncharted,1,3,2,"Nathan\Nate\""Drake""","Nathan\Nate\""Drake""",3,3,1,ActionAdventure,ThirdPersonShooter, , 
212,0,1,1,0,0,0,0,0,0,0,0,2,0,0,0,0,0,0,0,0,2,WIIFITPLUS,2009,2005-2009,Mii,3,3,1,0,Customizable,1,5,0,Exergaming, , , 
213,0,1,1,0,0,0,0,0,0,0,0,2,0,0,0,0,0,0,0,0,2,WIISPORTSRESORT,2009,2005-2009,Mii,3,3,1,0,Customizable,1,1,0,Casual,Sports, , 
173,1,0,0,0,0,0,0,0,0,0,0,1,0,0,0,0,0,0,0,0,1,CallofDuty:WORLDATWAR,2008,2005-2009,CallofDuty,3,3,4,Private/PfcC.Mille,Private/PfcC.Mille,3,1,1,FirstPersonShooter, , , 
174,0,0,0,0,0,0,0,0,0,0,0,0,0,1,1,0,0,0,0,2,2,DeadSpace,2008,2005-2009,DeadSpace,1,3,3,IsaacClarke,IsaacClarke,3,3,1,Survival,Horror, , 
175,0,0,0,0,0,0,0,0,0,0,0,0,0,1,0,0,0,0,1,2,2,Fallout3,2008,2005-2009,Fallout,1,3,3,LoneWanderer,LoneWanderer,1,1,1,Action,RPG, , 
176,1,0,0,0,0,0,0,0,0,0,0,1,0,0,1,0,0,0,0,1,2,GearsofWar2,2008,2005-2009,GearsofWar,3,3,3,MarcusMichaelFenix,MarcusMichaelFenix,3,3,1,ThirdPersonShooter, , , 
177,0,0,0,0,0,0,0,0,0,0,0,0,0,1,0,0,0,0,0,1,1,GeometryWars:RetroEvolved2,2008,2005-2009,GeometryWars,3,2,1,0,Geometricpiece,3,3,0,Action,Shooter, , 
178,1,0,0,0,0,0,0,0,0,0,0,1,0,0,1,0,1,1,0,3,4,GrandTheftAutoIV,2008,2005-2009,GrandTheftAuto,3,3,3,NikoBellic,NikoBellic,3,3,1,ActionAdventure, , , 
179,1,0,0,0,0,0,0,0,0,0,0,1,0,0,0,0,0,0,0,0,1,GUITARHEROWORLDTOUR,2008,2005-2009,GuitarHero,3,3,6,0,0,0,0,0,Music, , , 
180,0,0,0,0,0,0,0,0,0,0,0,0,0,1,1,0,0,0,0,2,2,Left4Dead,2008,2005-2009,Left4Dead,2,3,3,TheSurvivors,Multiple,3,1,1,Action,Shooter, , 
181,0,0,0,0,0,0,0,0,0,0,0,0,0,0,0,0,1,0,0,1,1,LittleBigPlanet,2008,2005-2009,LittleBigPlanet,3,3,1,Sackboy,Sackboy,3,4,1,Puzzle,Platform,Sandbox, 
182,1,0,0,0,0,0,0,0,0,0,0,1,0,0,0,0,0,0,0,0,1,MADDENNFL09,2008,2005-2009,MaddenFootball,3,3,7,0,NFLPlayers,5,2,0,Sports, , , 
183,1,1,1,0,0,0,0,0,0,0,0,3,0,0,0,0,0,0,0,0,3,MARIOKART,2008,2005-2009,MarioKart,3,3,1,Mario,Multiple,3,1,0,Racing, , , 
184,0,0,0,0,0,0,0,0,0,0,0,0,0,1,0,0,0,1,0,2,2,Persona4Golden,2008,2005-2009,MegamiTensei,1,3,3,YuNarukami,YuNarukami,3,3,1,RPG, , , 
185,0,1,0,0,0,0,0,0,0,0,0,1,0,0,0,0,0,0,0,0,1,PokemonPLATINUMVERSION,2008,2005-2009,Pokemon,3,2,1,Lucas,Customizable,3,5,1,RPG, , , 
186,0,0,0,0,0,0,0,0,0,0,0,0,0,1,1,1,0,1,0,4,4,Spelunky,2008,2005-2009,Spelunky,3,2,6,SpelunkyGuy,SpelunkyGuy,3,4,1,Platform,RPG, , 
187,0,0,0,0,0,0,0,0,0,0,0,0,0,1,0,0,1,0,0,2,2,StreetFighterIV,2008,2005-2009,StreetFighter,3,3,8,0,Multiple Fighters 25 total,3,4,0,Fighting, , , 
188,1,0,0,0,0,0,0,0,0,0,0,1,0,0,0,0,0,0,0,0,1,SuperSmashBros.Brawl,2008,2005-2009,SuperMario,3,3,1,0,Multiple,3,4,0,Fighting, , , 
189,0,0,0,0,0,0,0,0,0,0,0,0,0,0,0,0,1,0,0,1,1,WorldofGoo,2008,2005-2009,0,1,2,8,0,BallsofGoo,4,4,1,Puzzle, , , 
161,0,0,0,0,0,0,0,0,0,0,0,0,0,1,1,1,1,0,1,5,5,BioShock,2007,2005-2009,BioShock,1,3,3,Jack,Jack,3,1,1,ActionAdventure,FirstPersonShooter, , 
162,1,1,0,0,0,0,0,0,0,0,0,2,0,1,1,1,1,1,0,5,7,CallofDuty4:ModernWarfare,2007,2005-2009,CallofDuty,3,3,5,John MacTavish,John MacTavish,3,1,1,FirstPersonShooter, , , 
163,1,0,0,0,0,0,0,0,0,0,0,1,0,0,0,0,0,0,0,0,1,GUITARHEROIIILEGENDSOFROCK,2007,2005-2009,GuitarHero,3,3,6,0,0,0,0,0,Music, , , 
164,0,1,0,0,0,0,0,0,0,0,0,1,0,0,0,0,1,0,0,1,2,Halo3*,2007,2005-2009,Halo,3,3,3,Rookie,Rookie,3,1,1,FirstPersonShooter, , , 
165,1,0,0,0,0,0,0,0,0,0,0,1,0,0,0,0,0,0,0,0,1,Link'sCrossbowTraining,2007,2005-2009,LegendofZelda,3,3,1,Link,Link,3,3,0,Shooter, , , 
166,1,0,0,0,0,0,0,0,0,0,0,1,0,0,0,0,0,0,0,0,1,MARIOANDSONIC:OLYMPICGAMES,2007,2005-2009,Mario&Sonic,3,3,2,Mario,Bowser,3,5,0,Sports,Party, , 
167,1,0,0,0,0,0,0,0,0,0,0,1,0,0,0,0,0,0,0,0,1,MARIOPARTY8,2007,2005-2009,MarioKart,3,3,1,Mario,Multiple,3,5,0,Party,Sandbox, , 
168,0,0,0,0,0,0,0,0,0,0,0,0,0,0,0,1,0,0,0,1,1,MassEffect,2007,2005-2009,MassEffect,1,3,3,Commander Shepard,CommanderShepard,1,3,1,Action,RPG, , 
169,0,0,0,0,0,0,0,0,0,0,0,0,0,0,0,1,0,1,0,2,2,Portal,2007,2005-2009,Portal,1,3,6,Chell(TestSubject#1),Chell(TestSubject#1),3,1,1,Platform,Puzzle, , 
170,0,0,0,0,0,0,0,0,0,0,0,0,0,0,0,1,0,0,0,1,1,RockBand,2007,2005-2009,RockBand,3,1,6,0,0,0,5,0,Music, , , 
171,0,0,0,0,0,0,0,0,0,0,0,0,0,0,0,0,1,1,0,2,2,SuperMarioGalaxy,2007,2005-2009,SuperMario,3,3,3,SuperMario,Mario,3,3,1,Platform, , , 
172,0,0,0,0,0,0,0,0,0,0,0,0,0,1,0,0,0,0,0,1,1,TeamFortress2,2007,2005-2009,TeamFortress,3,3,5,0,huj,2,1,0,Action,Shooter, , 
147,0,0,0,0,0,0,0,0,0,0,0,0,0,0,0,0,0,1,0,1,1,DWARFFORTRESS(Adventurermode),2006,2005-2009,0,1,2,3,Adventurer(DWARFFORTRESS),Customizable,1,2,1,Simulation, , , 
148,0,0,0,0,0,0,0,0,0,0,0,0,0,0,0,0,0,1,0,1,1,ELITEBEATAGENTS,2006,2005-2009,0,3,3,1,0,0,0,0,0,Action, , , 
149,0,0,0,0,0,0,0,0,0,0,0,0,0,0,0,0,1,0,0,1,1,GearsofWar,2006,2005-2009,GearsofWar,3,3,3,MarcusMichaelFenix,MarcusMichaelFenix,3,3,1,ThirdPersonShooter, , , 
150,0,0,0,0,0,0,0,0,0,0,0,0,0,0,0,0,0,1,0,1,1,GUITARHEROII,2006,2005-2009,GuitarHero,3,3,2,0,0,0,0,1,Music,Action, , 
151,0,0,0,0,0,0,0,0,0,0,0,0,0,1,0,0,0,0,0,1,1,Hitman:BloodMoney,2006,2005-2009,Hitman,0,3,4,Agent47,Agent47,3,3,1,ActionAdventure, , , 
152,0,0,0,0,0,0,0,0,0,0,0,0,0,0,0,0,0,0,1,1,1,MicrosoftFlightSimulatorX,2006,2005-2009,MicrosoftFlightSimulator,3,3,1,0,0,0,0,0,Simulation, , , 
153,0,0,0,0,0,0,0,0,0,0,0,0,0,0,0,0,0,1,0,1,1,MOTHER3,2006,2005-2009,Mother,1,2,1,0,Duster,3,3,1,RPG, , , 
154,1,1,1,0,0,0,0,0,0,0,0,3,0,0,0,0,0,0,0,0,3,NEWSUPERMARIOBROS,2006,2005-2009,NEWSUPERMARIOBROS,1,1,6,Mario,Mario,3,4,1,Platform, , , 
155,0,0,0,0,0,0,0,0,0,0,0,0,0,1,0,0,0,0,0,1,1,Okami,2006,2005-2009,0,1,3,7,Amaterasu,Amaterasu,3,3,1,ActionAdventure, , , 
156,0,0,0,0,0,0,0,0,0,0,0,0,0,1,0,0,0,0,0,1,1,OutRun2006:Coast2Coast,2006,2005-2009,OutRun,3,3,5,0,0,0,3,1,Racing,Arcade, , 
157,0,0,0,0,0,0,0,0,0,0,0,0,0,0,0,0,1,0,0,1,1,TheElderScrollsIV:Oblivion,2006,2005-2009,TheElderScrolls,1,3,3,HeroofKvatch,Customizable,1,1,1,RPG,Action, , 
158,0,0,0,0,0,0,0,0,0,0,0,0,0,0,0,0,1,0,0,1,1,TheLegendofZelda:TwilightPrincess,2006,2005-2009,TheLegendofZelda,1,3,3,Link,Link,3,3,1,ActionAdventure, , , 
159,1,1,0,0,0,0,0,0,0,0,0,2,0,0,0,0,0,0,0,0,2,WIIPLAY,2006,2005-2009,Mii,3,3,1,0,Customizable,1,5,0,Party, , , 
160,0,0,0,0,0,0,0,0,0,0,0,0,0,0,1,0,0,1,0,2,2,WiiSports,2006,2005-2009,Mii,3,3,1,0,Customizable,1,1,0,Casual,Sports, , 
141,0,0,0,0,0,0,0,0,0,0,0,0,0,0,0,0,0,0,1,1,1,CallofDuty2,2005,2005-2009,CallofDuty,3,3,3,Sergeant John Davis,Sergeant John Davis,3,1,1,FirstPersonShooter, , , 
142,0,0,0,0,0,0,0,0,0,0,0,0,0,0,1,0,0,1,1,3,3,GuitarHero,2005,2005-2009,GuitarHero,3,3,1,0,0,0,0,0,Music, , , 
143,0,0,0,0,0,0,0,0,0,0,0,0,0,1,1,1,1,1,1,6,6,ReSidentEvil4,2005,2005-2009,ResidentEvil,1,3,11,LeonS.Kennedy,LeonS.Kennedy,3,3,1,Survival,Horror, , 
144,0,0,0,0,0,0,0,0,0,0,0,0,0,1,1,1,0,1,0,4,4,ShadowoftheColossus,2005,2005-2009,ICO,1,3,3,Wanda,Wanda,3,3,1,ActionAdventure,Puzzle, , 
145,0,0,0,0,0,0,0,0,0,0,0,0,0,0,0,0,0,0,1,1,1,SidMeier'sCivilizationIV,2005,2005-2009,Civilization,3,3,2,0,Multiple,4,2,1,Strategy, , , 
146,0,0,0,0,0,0,0,0,0,0,0,0,0,0,0,0,1,0,0,1,1,TomClancy'sSplinterCellChaosTheory,2005,2005-2009,TomClancy's,3,3,8,SamFisher,SamFisher,3,3,1,Stealth, , , 
128,0,0,0,0,0,0,0,0,0,0,0,0,0,0,1,1,1,1,0,4,4,Burnout3:TakeDown,2004,2000-2004,0,3,3,2,0,Burnout3:TakeDownVehicle,0,3,0,Racing, , , 
129,0,0,0,0,0,0,0,0,0,0,0,0,0,0,0,0,0,1,1,2,2,ESPNNFL2K5,2004,2000-2004,NFL2K,3,3,2,0,Multiple,5,2,0,Sports,Simulation, , 
130,0,0,0,0,0,0,0,0,0,0,0,0,0,0,0,1,1,1,0,3,3,GrandTheftAuto:SanAndreas,2004,2000-2004,GrandTheftAuto,3,3,10,CarlJohnson,CarlJohnson,3,3,1,ActionAdventure, , , 
131,0,0,0,0,0,0,0,0,0,0,0,0,0,1,1,1,1,1,1,6,6,Half-Life2,2004,2000-2004,Half-Life,1,3,7,GordonFreeman,GordonFreeman,3,1,1,FirstPersonShooter, , , 
132,0,0,0,0,0,0,0,0,0,0,0,0,0,0,0,1,1,0,0,2,2,Halo2,2004,2000-2004,Halo,3,3,2,HaloProtagonist,HaloProtagonist,3,1,1,FirstPersonShooter, , , 
133,0,0,0,0,0,0,0,0,0,0,0,0,0,0,1,0,0,1,0,2,2,KATAMARIDAMACY,2004,2000-2004,Katamari,3,3,5,ThePrince,Cousins,3,3,0,Action,Puzzle, , 
134,0,0,0,0,0,0,0,0,0,0,0,0,0,0,0,0,0,1,0,1,1,MADDENNFL2005,2004,2000-2004,MaddenNFL,3,3,8,0,NFLPlayers,5,2,0,Sports, , , 
135,0,0,0,0,0,0,0,0,0,0,0,0,0,1,0,1,0,0,0,2,2,MetalGearSolid3:SnakeEater,2004,2000-2004,MetalGearSolid,1,3,1,Naked Snake,NakedSnake,3,3,1,ActionAdventure,stealth, , 
136,0,0,0,0,0,0,0,0,0,0,0,0,0,0,0,0,1,0,0,1,1,NinjaGaidenBlack,2004,2000-2004,NinjaGaiden,1,3,3,RyuHayabusa,RyuHayabusa,3,3,1,ActionAdventure, , , 
137,0,0,0,0,0,0,0,0,0,0,0,0,0,0,1,0,0,0,0,1,1,SingStar,2004,2000-2004,SingStar,1,2,2,0,0,0,0,1,Party, , , 
138,0,0,0,0,0,0,0,0,0,0,0,0,0,1,0,0,0,0,0,1,1,TheSims2,2004,2000-2004,TheSims,3,3,11,0,Sims,1,3,0,Simulation,VirtualLife, , 
139,0,0,0,0,0,0,0,0,0,0,0,0,0,0,0,1,0,0,0,1,1,Titanfall,2004,2000-2004,Titanfall,2,3,2,0,Customizable,2,1,1,RPG,MassivelyMultiplayer, , 
140,0,0,0,0,0,0,0,0,0,0,0,0,0,1,1,0,0,1,1,4,4,WorldofWarcraft,2004,2000-2004,Warcraft,2,3,2,0,Multiple,2,3,0,RPG, , , 
120,0,0,0,0,0,0,0,0,0,0,0,0,0,0,0,0,0,1,0,1,1,DefenseoftheAncients(DOTA),2003,2000-2004,Dota,2,3,5,0,Hero,2,3,0,Massivelymultiplayer, , , 
121,0,0,0,0,0,0,0,0,0,0,0,0,0,0,0,0,0,1,0,1,1,EVEONLINE,2003,2000-2004,0,2,3,2,0,0,0,3,0,RPG, , , 
122,0,0,0,0,0,0,0,0,0,0,0,0,0,1,0,0,0,0,0,1,1,F-ZeroGX,2003,2000-2004,F-Zero,3,3,1,0,Plasma-poweredmachines,0,3,0,Racing,Arcade, , 
123,0,0,0,0,0,0,0,0,0,0,0,0,0,0,0,0,1,0,0,1,1,MaddenNFL2004,2003,2000-2004,MaddenFootball,3,3,6,0,NFLPlayers,5,2,0,Sports, , , 
124,0,0,0,0,0,0,0,0,0,0,0,0,0,1,0,0,0,0,0,1,1,SSX3,2003,2000-2004,SSX,3,3,5,0,EliseRiggs,3,3,0,Sports, , , 
125,0,0,0,0,0,0,0,0,0,0,0,0,0,1,0,1,0,1,0,3,3,StarWars:KnightsoftheOldRepublic,2003,2000-2004,StarWars:KnightsoftheOldRepublic,1,3,2,Revan,Revan,3,3,1,RPG, , , 
126,0,0,0,0,0,0,0,0,0,0,0,0,0,0,0,0,1,0,0,1,1,SuperMarioAdvance4:SuperMarioBros.3,2003,2000-2004,SuperMario,3,2,1,SuperMario,Mario,3,4,1,Platform, , , 
127,0,0,0,0,0,0,0,0,0,0,0,0,0,1,0,0,1,0,0,2,2,TheLegendofZelda:TheWindWaker,2003,2000-2004,TheLegendofZelda,3,3,1,Link,Link,3,3,1,ActionAdventure, , , 
111,0,0,0,0,0,0,0,0,0,0,0,0,0,0,1,1,0,0,0,2,2,Battlefield1942,2002,2000-2004,Battlefield,3,3,2,0,Multiple,2,1,1,FirstPersonShooter, , , 
112,0,0,0,0,0,0,0,0,0,0,0,0,0,0,0,1,1,0,0,2,2,GrandTheftAuto:ViceCity,2002,2000-2004,GrandTheftAuto,1,3,7,TommyVercetti,TommyVercetti,3,3,1,ActionAdventure, , , 
113,0,0,0,0,0,0,0,0,0,0,0,0,0,0,0,0,1,0,0,1,1,MaddenNFL2003,2002,2000-2004,MaddenFootball,3,3,6,0,NFLPlayers,5,2,0,Sports, , , 
114,0,0,0,0,0,0,0,0,0,0,0,0,0,1,0,1,1,0,0,3,3,MetroidPrime,2002,2000-2004,Metroid,1,3,2,SamusAran,SamusAran,3,1,1,ActionAdventure, , , 
115,0,0,0,0,0,0,0,0,0,0,0,0,0,0,0,1,0,0,0,1,1,ReSidentEvil(1996remake),2002,2000-2004,ResidentEvil,1,3,8,ChrisRedfield,ChrisRedfield,3,3,1,Survival,Horror, , 
116,0,0,0,0,0,0,0,0,0,0,0,0,0,0,0,1,0,0,0,1,1,StarWarsJediKnightII:JediOutcast,2002,2000-2004,StarWars:DarkForces/JediKnight,3,3,6,KyleKatarn,KyleKatarn,3,1,1,FirstPersonShooter,ThirdPersonShooter, , 
117,0,0,0,0,0,0,0,0,0,0,0,0,0,0,0,0,0,1,0,1,1,THEELDERSCROLLSIII:MORROWIND,2002,2000-2004,TheElderScrolls,3,3,2,0,Customizable,1,1,1,RPG, , , 
118,0,0,0,0,0,0,0,0,0,0,0,0,0,1,0,0,0,0,0,1,1,TimeSplitters2,2002,2000-2004,TimeSplitters,3,3,3,Sergeant Cortez,Sergeant Cortez,3,1,1,FirstPersonShooter, , , 
119,0,0,0,0,0,0,0,0,0,0,0,0,0,0,0,0,1,0,0,1,1,TonyHawk'sProSkater4,2002,2000-2004,TonyHawkSkateboarding,3,3,7,TonyHawk,skaters,5,3,0,Sports, , , 
95,0,0,0,0,0,0,0,0,0,0,0,0,0,1,0,0,0,0,0,1,1,CrazyTaxi,2001,2000-2004,CrazyTaxi,1,3,1,0,Multiple,3,3,1,Racing, , , 
96,0,0,0,0,0,0,0,0,0,0,0,0,0,0,0,0,1,0,0,1,1,DevilMayCry,2001,2000-2004,DevilMayCry,1,3,7,Dante,Dante,3,1,1,ActionAdventure, , , 
97,0,0,0,0,0,0,0,0,0,0,0,0,0,1,0,0,0,0,0,1,1,FinalFantasyX,2001,2000-2004,FinalFantasy,1,3,1,Tidus,Tidus,3,3,1,RPG, , , 
98,0,0,0,0,0,0,0,0,0,0,0,0,0,0,0,0,1,1,1,3,3,GrandTheftAutoIII,2001,2000-2004,GrandTheftAuto,1,3,7,Claude,Claude,3,3,1,ActionAdventure, , , 
99,0,0,0,0,0,0,0,0,0,0,0,0,0,0,0,0,1,0,1,2,2,GranTurismo3:A-Spec,2001,2000-2004,GranTurismo,3,3,1,0,Customizable,0,3,0,Racing, , , 
100,0,0,0,0,0,0,0,0,0,0,0,0,0,1,1,1,1,1,1,6,6,Halo:CombatEvolved,2001,2000-2004,Halo,3,3,4,John-117MasterChief,John-117MasterChief,3,1,1,FirstPersonShooter, , , 
101,0,0,0,0,0,0,0,0,0,0,0,0,0,1,1,0,0,0,0,2,2,Ico,2001,2000-2004,ICO,3,3,1,Ico,Ico,3,3,1,Action,Adventure, , 
102,0,0,0,0,0,0,0,0,0,0,0,0,0,1,0,0,0,0,0,1,1,Ikaruga,2001,2000-2004,0,0,3,7,0,Theplayer,0,3,0,Action,Shooter, , 
103,0,0,0,0,0,0,0,0,0,0,0,0,0,0,0,0,1,0,0,1,1,MaddenNFL2002,2001,2000-2004,MaddenFootball,3,3,8,0,NFLPlayers,5,2,0,Sports, , , 
104,0,0,0,0,0,0,0,0,0,0,0,0,0,1,0,0,0,0,0,1,1,MaxPayne,2001,2000-2004,MaxPayne,1,3,7,MaxPayne,MaxPayne,3,3,1,Action,Shooter, , 
105,0,0,0,0,0,0,0,0,0,0,0,0,0,0,0,0,1,0,0,1,1,MetalGearSolid2:SonsofLiberty,2001,2000-2004,MetalGearSolid,1,3,1,Raiden,Raiden,3,3,1,ActionAdventure,stealth, , 
106,0,0,0,0,0,0,0,0,0,0,0,0,0,1,0,0,0,0,0,1,1,PhoenixWright:AceAttorney,2001,2000-2004,0,1,2,10,0,0,0,0,0,Adventure, , , 
107,0,0,0,0,0,0,0,0,0,0,0,0,0,1,1,1,0,1,0,4,4,SilentHill2,2001,2000-2004,SilentHill,1,3,3,JamesSunderland,JamesSunderland,3,3,1,Survival,Horror, , 
108,0,0,0,0,0,0,0,0,0,0,0,0,0,1,0,0,0,0,0,1,1,SuperMonkeyBall,2001,2000-2004,SuperMonkeyBall,3,3,18,0,0,0,3,1,Miscellaneous,Party, , 
109,0,0,0,0,0,0,0,0,0,0,0,0,0,0,1,0,0,1,0,2,2,SuperSmashBros.Melee,2001,2000-2004,SuperMario,3,3,1,0,Multiple,3,4,0,Fighting, , , 
110,0,0,0,0,0,0,0,0,0,0,0,0,0,1,0,0,1,0,0,2,2,TonyHawk´sProSkater3,2001,2000-2004,TonyHawkSkateboarding,3,3,9,TonyHawk,skaters,5,3,0,Sports, , , 
84,0,0,0,0,0,0,0,0,0,0,0,0,0,0,0,1,1,0,0,2,2,Baldur'sGateII:ShadowsofAmn,2000,2000-2004,Baldur'sGate,3,3,2,0,Class - fighter,2,3,1,RPG, , , 
85,0,0,0,0,0,0,0,0,0,0,0,0,0,0,0,1,0,0,1,2,2,Counter-Strike,2000,2000-2004,Counter-Strike,2,3,4,0,Customizable,1,1,0,FirstPersonShooter, , , 
86,0,0,0,0,0,0,0,0,0,0,0,0,0,1,1,1,0,0,0,3,3,DeusEx,2000,2000-2004,DeusEx,3,3,3,JCDenton,JCDenton,3,1,1,Action,RPG,FirstPersonShooter,stealth
87,0,0,0,0,0,0,0,0,0,0,0,0,0,0,0,1,0,1,1,3,3,DiabloII,2000,2000-2004,Diablo,3,3,2,0,Multiple,2,3,1,RPG,Action, , 
88,0,0,0,0,0,0,0,0,0,0,0,0,0,0,0,0,1,0,0,1,1,FinalFantasyIX,2000,2000-2004,FinalFantasy,3,3,7,ZidaneTribal,ZidaneTribal,3,5,1,RPG, , , 
89,0,0,0,0,0,0,0,0,0,0,0,0,0,0,0,0,1,0,0,1,1,NFL2k1,2000,2000-2004,NFL2KFootball,3,3,1,0,NFLPlayers,5,3,0,Sports, , , 
90,0,0,0,0,0,0,0,0,0,0,0,0,0,0,0,0,1,0,0,1,1,PerfectDark,2000,2000-2004,PerfectDark,3,3,1,JoannaDark,JoannaDark,3,1,1,FirstPersonShooter,Stealth, , 
91,0,0,0,0,0,0,0,0,0,0,0,0,0,0,1,0,1,0,0,2,2,TheLegendofZelda:Majora'sMask,2000,2000-2004,TheLegendofZelda,1,3,1,Link,Link,3,3,1,ActionAdventure, , , 
92,0,0,0,0,0,0,0,0,0,0,0,0,0,0,1,1,0,1,1,4,4,TheSims,2000,2000-2004,TheSims,1,3,7,0,Sims,1,2,0,Simulation, , , 
93,0,0,0,0,0,0,0,0,0,0,0,0,0,1,0,1,0,0,0,2,2,ThiefII:TheMetalAge,2000,2000-2004,Thief,1,3,1,Garrett,Garrett,3,1,1,Stealth, , , 
94,0,0,0,0,0,0,0,0,0,0,0,0,0,0,1,1,1,0,0,3,3,TonyHawk'sProSkater2,2000,2000-2004,TonyHawkSkateboarding,3,3,8,TonyHawk,skaters,5,3,0,Sports, , , 
76,0,0,0,0,0,0,0,0,0,0,0,0,0,0,0,0,1,0,0,1,1,ChronoCross,1999,1995-1999,ChronoTrigger,1,1,1,Serge,Serge,3,3,1,RPG, , , 
77,0,0,0,0,0,0,0,0,0,0,0,0,0,0,0,0,0,1,0,1,1,HOMEWORLD,1999,1995-1999,0,0,3,2,0,0,0,3,1,Strategy, , , 
78,0,0,0,0,0,0,0,0,0,0,0,0,0,0,0,1,0,0,0,1,1,PókemonYellow,1999,1995-1999,Pokemon,3,2,2,Yellow,Yellow,3,5,1,RPG, , , 
79,0,0,0,0,0,0,0,0,0,0,0,0,0,1,0,0,0,0,0,1,1,Quake3:Arena,1999,1995-1999,Quake,3,3,8,0,Bitterman,3,1,1,Action,Shooter, , 
80,0,0,0,0,0,0,1,1,0,0,0,2,0,1,0,0,0,0,1,2,4,SuperSmashBros.,1999,1995-1999,SuperMario,3,3,1,0,Multiple,3,4,0,Fighting, , , 
81,0,0,0,0,0,0,0,0,0,0,0,0,0,0,0,1,0,0,0,1,1,SystemShock2,1999,1995-1999,SystemShock,1,3,3,SoldierG65434-2,SoldierG65434-2,3,1,1,Action,RPG, , 
82,0,0,0,0,0,0,0,0,0,0,0,0,0,1,0,0,0,0,0,1,1,UnrealTournament,1999,1995-1999,Unreal,3,3,4,0,Multiple,2,1,0,Action,Shooter, , 
83,0,0,0,0,0,0,0,0,0,0,0,0,0,1,0,0,0,0,0,1,1,WormsArmageddon,1999,1995-1999,Worms,3,2,5,0,0,0,3,0,Strategy, , , 
66,0,0,0,0,0,0,0,0,0,0,0,0,0,1,0,0,0,0,0,1,1,Banjo-Kazooie,1998,1995-1999,Banjo-Kazooie,1,3,6,Banjo-Kazooie,Banjo-Kazooie,3,3,1,Action, , , 
67,0,0,0,0,0,0,0,0,0,0,0,0,0,0,0,0,0,1,0,1,1,DANCEDANCEREVOLUTION,1998,1995-1999,"Konami,Bemani",3,2,18,0,0,0,0,0,Action,Rhythm,Arcade[MultipleMachines], 
68,0,0,0,0,0,0,0,0,0,0,0,0,0,0,0,1,0,0,0,1,1,Fallout2,1998,1995-1999,Fallout,1,2,2,Chosen One,ChosenOne,1,6,1,RPG, , , 
69,0,0,0,0,0,0,0,0,0,0,0,0,0,1,0,0,1,0,0,2,2,GrimFandango,1998,1995-1999,0,1,3,9,"Manuel\Manny\""Calavera""","Manuel\Manny\""Calavera""",3,3,1,GrahicAdventure, , , 
70,0,0,0,0,0,0,0,0,0,0,0,0,0,0,0,1,1,1,0,3,3,Half-Life,1998,1995-1999,Half-Life,3,3,4,GordonFreeman,GordonFreeman,3,1,1,FirstPersonShooter, , , 
71,0,0,0,0,0,0,0,0,0,0,0,0,0,0,0,1,1,1,0,3,3,MetalGearSolid,1998,1995-1999,MetalGearSolid,1,3,2,SolidSnake,SolidSnake,3,2,1,ActionAdventure,stealth, , 
72,0,0,0,0,0,0,0,0,0,0,0,0,0,0,0,1,1,0,0,2,2,SoulCalibur,1998,1995-1999,SoulCalibur,2,3,5,0,Astaroth,3,4,1,Fightinging, , , 
73,0,0,0,0,0,0,0,0,0,0,0,0,0,0,0,1,0,1,0,2,2,StarCraft,1998,1995-1999,StarCraft,3,1,4,0,0,0,2,1,Strategy, , , 
74,0,0,0,0,0,0,0,0,0,0,0,0,0,0,0,1,0,1,0,2,2,SuikodenII,1998,1995-1999,Suikoden,1,2,2,Riou,Multiple,3,3,1,RPG, , , 
75,0,0,0,0,0,0,0,0,0,0,0,0,0,0,0,1,1,1,1,4,4,TheLegendofZelda:OcarinaofTIME,1998,1995-1999,TheLegendofZelda,1,3,3,Link,Link,3,3,1,ActionAdventure, , , 
59,0,0,0,0,0,0,0,0,0,0,0,0,0,1,0,1,0,1,0,3,3,Castlevania:SymphonyoftheNight,1997,1995-1999,Castlevania,1,2,7,Alucard,Alucard,3,3,1,Platform,Action,RPG, 
60,0,0,0,0,0,0,0,0,0,0,0,0,0,0,0,0,1,0,0,1,1,Diablo,1997,1995-1999,Diablo,3,3,3,Aidan,Multiple,2,3,1,RPG,Action, , 
61,0,0,0,0,0,0,0,0,0,0,0,0,0,0,0,1,0,1,1,3,3,FinalFantasyVII,1997,1995-1999,FinalFantasy,1,3,7,CloudStrife,CloudStrife,3,3,1,RPG, , , 
62,0,0,0,0,0,0,0,0,0,0,0,0,0,0,0,1,1,1,1,4,4,GoldenEye007,1997,1995-1999,JamesBond007,3,3,1,JamesBond,JamesBond,3,1,1,FirstPersonShooter,Stealth, , 
63,0,0,0,0,0,0,0,0,0,0,0,0,0,0,0,0,1,0,0,1,1,GranTurismo,1997,1995-1999,GranTurismo,3,3,1,0,Customizable,0,3,0,Racing, , , 
64,0,0,0,0,0,0,0,0,0,0,0,0,0,1,0,0,1,0,0,2,2,Tekken3,1997,1995-1999,Tekken,3,3,3,JinKazama,BryanFury,3,4,1,Fighting, , , 
65,0,0,0,0,0,0,0,0,0,0,0,0,0,0,0,0,0,1,0,1,1,UltimaOnline,1997,1995-1999,Ultima,2,1,2,0,Multiple,2,3,0,MMORPG, , , 
53,0,0,0,0,0,0,0,0,0,0,0,0,0,0,0,0,0,1,0,1,1,HARVESTMOON,1996,1995-1999,StoryofSeasons,0,2,1,Pete,Pete,3,3,1,Strategy,Management, , 
54,0,0,0,0,0,0,0,0,0,0,0,0,0,0,0,0,0,1,1,2,2,PokemonRed&Blue,1996,1995-1999,Pokemon,3,2,1,Blue,Blue,3,5,1,RPG, , , 
55,0,0,0,0,0,0,0,0,0,0,0,0,0,0,0,0,1,0,1,2,2,Quake,1996,1995-1999,Quake,3,3,8,Ranger(Q1),Ranger(Q1),3,1,1,FirstPersonShooter, , , 
56,0,0,0,0,0,0,0,0,0,0,0,0,0,0,0,0,1,1,0,2,2,SidMeier'sCivilizationII,1996,1995-1999,Civilization,3,3,3,0,Multiple,4,2,1,Strategy, , , 
57,0,0,0,0,0,0,0,0,0,0,0,0,0,0,0,1,0,1,1,3,3,SuperMario64,1996,1995-1999,SuperMario,1,3,1,SuperMario,Mario,3,3,1,Platform, , , 
58,0,0,0,0,0,0,0,0,0,0,0,0,0,1,0,0,0,0,0,1,1,TombRaider,1996,1995-1999,TombRaider,1,3,8,LaraCroft,LaraCroft,3,3,1,ActionAdventure, , , 
51,0,0,0,0,0,0,0,0,0,0,0,0,0,1,0,1,0,1,0,3,3,ChronoTrigger,1995,1995-1999,ChronoTrigger,3,2,8,Crono,Crono,3,3,1,RPG, , , 
52,0,0,0,0,0,0,0,0,0,0,0,0,0,1,0,1,0,1,0,3,3,SuperMarioWorld2:Yoshi'sIsland,1995,1995-1999,SuperMario,1,2,2,Yoshi,Yoshi,3,4,1,Platform, , , 
47,0,0,0,0,0,0,0,0,0,0,0,0,0,0,0,0,0,1,0,1,1,DOOMII,1994,1990-1994,Doom,3,3,11,Doomguy,Doomguy,3,1,1,FirstPersonShooter,Action, , 
48,0,0,0,0,0,0,0,0,0,0,0,0,0,1,0,1,0,1,0,3,3,EarthBound,1994,1990-1994,EarthBound/Mother,1,2,2,Ness,Ness,3,4,1,RPG, , , 
49,0,0,0,0,0,0,0,0,0,0,0,0,0,1,0,1,0,1,1,4,4,FinalFantasyVI,1994,1990-1994,FinalFantasy,1,2,6,TerraBranford,TerraBranford,3,2,1,RPG, , , 
50,0,0,0,0,0,0,0,0,0,0,0,0,0,1,0,1,0,1,0,3,3,SuperMetroid,1994,1990-1994,SuperMario,1,2,1,SamusAran,SamusAran,3,4,1,ActionAdventure, , , 
39,0,0,0,0,0,0,0,0,0,0,0,0,0,1,0,0,0,0,0,1,1,DayoftheTentacle,1993,1990-1994,ManiacMansion,1,2,9,BernanrdBernoulli,BernanrdBernoulli,1,3,1,Adventure, , , 
40,0,0,0,0,0,0,0,0,0,0,0,0,0,0,0,1,0,1,1,3,3,Doom,1993,1990-1994,Doom,3,1,1,unnamed space marine,unnamedspacemarine,3,1,1,FirstPersonShooter, , , 
41,0,0,0,0,0,0,0,0,0,0,0,0,0,0,0,0,0,0,1,1,1,Myst,1993,1990-1994,Myst,1,3,14,TheStranger,TheplayerMyst,3,1,1,Puzzle,GrahicAdventure, , 
42,0,0,0,0,0,0,0,0,0,0,0,0,0,0,0,0,0,1,0,1,1,NBAJAM,1993,1990-1994,NBA2KBasketball,3,3,20,0,NBAPlayers,5,2,0,Sports, , , 
43,0,0,0,0,0,0,0,0,0,0,0,0,0,0,0,0,0,1,0,1,1,NHL'94,1993,1990-1994,NHL,3,2,3,0,NHLPlayers,5,3,0,Sports, , , 
44,0,0,0,0,0,0,0,0,0,0,0,0,0,1,0,0,0,1,0,2,2,SecretofMana,1993,1990-1994,Mana,3,2,8,theboy(Randy),theboy(Randy),3,2,1,Action,RPG, , 
45,0,0,0,0,0,0,0,0,0,0,0,0,0,0,0,1,0,1,1,3,3,SimCity2000,1993,1990-1994,SimCity,1,3,9,0,0,0,2,1,Survival,Simulation, , 
46,0,0,0,0,0,0,0,0,0,0,0,0,0,0,0,1,0,0,0,1,1,X-COM:UFODefense,1993,1990-1994,X-COM,1,2,4,0,Soldiers,2,6,1,Strategy, , , 
35,0,0,0,0,0,0,0,0,0,0,0,0,0,0,0,0,0,0,1,1,1,MortalKombat,1992,1990-1994,MortalKombat,3,2,11,0,JohnnyCage,3,4,0,Fightinging, , , 
36,0,0,0,0,0,0,0,0,0,0,0,0,0,1,0,0,0,0,0,1,1,SonictheHedgehog2,1992,1990-1994,SonictheHedgehog,3,2,9,Sonic,Sonic,3,3,1,Action, , , 
37,0,0,0,0,0,0,0,0,0,0,0,0,0,0,0,0,0,1,1,2,2,SuperMarioKart,1992,1990-1994,SuperMario,3,2,1,0,Mario,3,3,0,Racing, , , 
38,0,0,0,0,0,0,0,0,0,0,0,0,0,0,0,0,0,0,1,1,1,Wolfenstein3D,1992,1990-1994,Wolfenstein,1,1,8,B.J.Blazkowicz,B.J.Blazkowicz,3,1,1,FirstPersonShooter, , , 
31,0,0,0,0,0,0,0,0,0,0,0,0,0,0,0,1,0,0,0,1,1,MonkeyIsland2:LeChuck'sRevenge,1991,1990-1994,MonkeyIsland,1,2,9,GuybrushThreepwood,GuybrushThreepwood,3,5,1,GrahicAdventure, , , 
32,0,0,0,0,0,0,0,0,0,0,0,0,0,0,0,1,0,0,0,1,1,SidMeier'sCivilization,1991,1990-1994,Civilization,1,2,10,0,0,0,2,1,Strategy, , , 
33,0,0,0,0,0,0,0,0,0,0,0,0,0,0,0,1,0,1,0,2,2,StreetFighterII:TheWorldWarrior,1991,1990-1994,StreetFighter,2,2,8,0,Ryu,3,4,0,Fighting, , , 
34,0,0,0,0,0,0,0,0,0,0,0,0,0,1,0,1,1,1,0,4,4,TheLegendofZelda:ALinktothePast,1991,1990-1994,TheLegendofZelda,1,2,1,Link,Link,3,3,1,ActionAdventure, , , 
28,0,0,0,0,0,0,0,0,0,0,0,0,0,0,0,1,0,0,0,1,1,Megamen3,1990,1990-1994,Megamen,1,2,4,MegaMan,MegaMan,3,4,1,Action,Platform, , 
29,0,0,0,0,0,0,0,0,0,0,0,0,0,1,0,1,0,1,0,3,3,SuperMarioWorld,1990,1990-1994,SuperMario,3,2,3,SuperMario,Mario,3,4,1,Platform, , , 
30,0,0,0,0,0,0,0,0,0,0,0,0,0,1,0,0,0,0,0,1,1,TheSecretofMonkeyIsland,1990,1990-1994,MonkeyIsland,1,2,12,GuybrushThreepwood,GuybrushThreepwood,3,3,1,Adventure, , , 
26,0,0,0,0,0,0,0,0,0,0,0,0,0,0,0,0,0,1,0,1,1,QUESTFORGLORY:SOYOUWANTTOBEAHERO,1989,1985-1989,QuestforGlory,1,2,5,Definedbytheplayer,Fighter,2,3,1,Adventure, , , 
27,0,0,0,0,0,0,0,0,0,0,0,0,0,0,0,0,0,1,0,1,1,SIMCITY,1989,1985-1989,SimCity,1,3,37,0,0,0,0,1,Strategy, , , 
25,0,0,0,0,0,0,0,0,0,0,0,0,0,0,0,1,0,1,0,2,2,SuperMarioBros.3,1988,1985-1989,SuperMario,3,2,3,SuperMario,Mario,3,4,1,Platform, , , 
23,0,0,0,0,0,0,0,0,0,0,0,0,0,0,0,1,0,0,0,1,1,Contra,1987,1985-1989,Contra,3,2,2,BillRizer,BillRizer,3,3,1,Action,Fighting, , 
24,0,0,0,0,0,0,0,0,0,0,0,0,0,0,0,0,0,1,0,1,1,NETHACK,1987,1985-1989,0,1,2,5,The playerNETHACK,The playerNETHACK,1,7,1,RPG,Roguelike, , 
16,0,0,0,0,0,0,0,0,0,0,0,0,0,0,0,0,0,0,1,1,1,Castlevania,1986,1985-1989,Castlevania,1,2,8,ChristopherBelmont,ChristopherBelmont,3,3,1,ActionAdventure,Horror,Platform, 
17,0,0,0,0,0,0,0,0,0,0,0,0,0,0,0,0,0,1,0,1,1,DRAGONWARRIOR,1986,1985-1989,DragonQuest,2,2,21,ScionofErdrick,ScionofErdrick,3,3,1,RPG, , , 
18,0,0,0,0,0,0,0,0,0,0,0,0,0,0,0,0,0,1,0,1,1,HABITAT,1986,1985-1989,0,2,2,4,0,Customizable,1,3,1,Massivelymultiplayer,RPG, , 
19,0,0,0,0,0,0,0,0,0,0,0,0,0,0,0,0,0,0,1,1,1,KingsQuestIII:ToHeirIsHuman,1986,1985-1989,King'sQuest,1,2,5,Gwydion,Gwydion,3,3,1,Adventure, , , 
20,0,0,0,0,0,0,0,0,0,0,0,0,0,0,0,0,0,1,0,1,1,METROID,1986,1985-1989,Metroid,1,3,10,SamusAran,SamusAran,3,3,1,ActionAdventure,FirstPersonShooter,Roguelike,RPG
21,0,0,0,0,0,0,0,0,0,0,0,0,0,0,0,0,0,1,1,2,2,TheLegendofZelda,1986,1985-1989,TheLegendofZelda,1,2,2,Link,Link,3,3,1,ActionAdventure, , , 
22,0,0,0,0,0,0,0,0,0,0,0,0,0,0,0,0,0,1,0,1,1,THESENTINEL,1986,1985-1989,0,1,3,7,Sentinels,Sentinels,2,1,1,Adventure, , , 
15,0,0,0,0,0,0,0,0,0,0,0,0,0,0,0,1,0,1,1,3,3,SuperMarioBros.,1985,1985-1989,SuperMario,3,2,1,SuperMario,Mario,3,4,1,Platform, , , 
14,0,0,0,0,0,0,0,0,0,0,0,0,0,1,0,1,0,1,1,4,4,Tetris,1984,1980-1984,Tetris,3,2,16,0,0,0,0,0,Puzzle, , , 
12,0,0,0,0,0,0,0,0,0,0,0,0,0,0,0,0,0,1,0,1,1,M.U.L.E.,1983,1980-1984,0,3,2,7,0,Mechtron,3,3,1,Simulation, , , 
13,0,0,0,0,0,0,0,0,0,0,0,0,0,0,0,0,0,1,0,1,1,MANICMINER,1983,1980-1984,0,1,2,16,Willy,Willy,3,2,1,Action,Platformer, , 
9,0,0,0,0,0,0,0,0,0,0,0,0,0,0,0,0,0,1,0,1,1,FOOTBALLMANAGER,1982,1980-1984,FOOTBALLMANAGER,1,2,17,0,0,0,0,0,Sports, , , 
10,0,0,0,0,0,0,0,0,0,0,0,0,0,0,0,1,0,1,1,3,3,Ms.Pac-Man,1982,1980-1984,Pac-Man,3,2,16,Ms.Pac-Man,Ms.Pac-Man,3,2,0,Maze, , , 
11,0,0,0,0,0,0,0,0,0,0,0,0,0,0,0,0,0,1,0,1,1,ROBOTRON:2084,1982,1980-1984,0,3,2,11,RobotronHero,RobotronHero,3,2,0,Action, , , 
7,0,0,0,0,0,0,0,0,0,0,0,0,0,0,0,1,0,1,1,3,3,DonkeyKong,1981,1980-1984,DonkeyKong,1,2,1,Jumpman(Mario),Jumpman(Mario),3,3,1,Platform, , , 
8,0,0,0,0,0,0,0,0,0,0,0,0,0,0,0,0,0,0,1,1,1,Galaga,1981,1980-1984,Galaxian/Galaga,3,2,12,0,0,0,3,0,Arcade,Shooter, , 
5,0,0,0,0,0,0,0,0,0,0,0,0,0,0,0,0,0,1,0,1,1,ROGUE,1980,1980-1984,0,1,2,12,Kazuya,Multiple,3,7,1,Roguelike, , , 
6,0,0,0,0,0,0,0,0,0,0,0,0,0,0,0,0,0,1,0,1,1,WARLORDS,1980,1980-1984,Warlords,2,3,2,0,0,0,2,0,Action, , , 
4,0,0,0,0,0,0,0,0,0,0,0,0,0,0,0,0,0,1,0,1,1,ADVENTURE,1979,1975-1979,0,1,2,2,Adventurer(Adventure),adventurer,3,3,1,ActionAdventure, , , 
3,0,0,0,0,0,0,0,0,0,0,0,0,0,0,0,0,0,1,1,2,2,SpaceInvaders,1978,1975-1979,SpaceInvaders,3,3,3,0,LaserCannon,0,2,0,Shooter,Arcade, , 
2,0,0,0,0,0,0,0,0,0,0,0,0,0,0,0,0,0,1,1,2,2,Zork,1977,1975-1979,Zork/Enchanter,1,text,18,NamelessAdventurer,0,0,0,1,TextAdventure, , , 
1,0,0,0,0,0,0,0,0,0,0,0,0,0,0,0,0,0,1,1,2,2,Pong,1972,1970-1974,0,2,2,1,0,Slide,3,2,0,Action, , , 
